	approximate_current_flow_betweenness_centrality	betweenness	closeness_centrality	communicability_centrality_exp	current_flow_betweenness_centrality	degree	degree-vs	eccentricity	eigenvector_centrality	importance	label	load_centrality	nature	pers_mes_characters	pers_mes_rss	pers_mes_scenes	pers_mes_sps	position	role	sex	importance-nr	is_protagonist	is_lover	is_antagonist	is_primary	is_minor	antagonist	lover	degree-rel	betweenness-rel	position-rel	work	total_characters
#fern	0.1333333333333333	0.0	1.0	137.40103931458358	0.125	7	700	1	0.35355339059327373	primary	Fernando	0.0	person	12561	47	6	84	5	lover	M	1	0	1	0	1	0	0	1	0.875	0.0	0.625	bette018_Clarin_Teresa	8
#min2	0.11111111111111108	0.0	1.0	137.40103931458356	0.125	7	700	1	0.35355339059327373	minor	Minero 2	0.0	person	821	0	3	7	7	other	M	3	0	0	0	0	1	0	0	0.875	0.0	0.875	bette018_Clarin_Teresa	8
#roqu	0.11111111111111109	0.0	1.0	137.40103931458358	0.125	7	700	1	0.35355339059327373	primary	Roque	0.0	person	10975	75	6	48	4	antagonist	M	1	0	0	1	1	0	1	0	0.875	0.0	0.5	bette018_Clarin_Teresa	8
#min1	0.14444444444444443	0.0	1.0	137.40103931458358	0.125	7	700	1	0.35355339059327373	minor	Minero 1	0.0	person	618	0	3	11	6	other	M	3	0	0	0	0	1	0	0	0.875	0.0	0.75	bette018_Clarin_Teresa	8
#palm	0.11111111111111108	0.0	1.0	137.4010393145836	0.125	7	700	1	0.35355339059327373	secondary	Palmira 	0.0	person	618	21	2	16	3	other	F	2	0	0	0	0	0	0	0	0.875	0.0	0.375	bette018_Clarin_Teresa	8
#tere	0.12222222222222219	0.0	1.0	137.40103931458353	0.125	7	700	1	0.35355339059327373	primary	Teresa	0.0	person	21764	78	9	113	1	protagonist	F	1	1	0	0	1	0	0	0	0.875	0.0	0.125	bette018_Clarin_Teresa	8
#min3	0.1444444444444444	0.0	1.0	137.40103931458353	0.12499999999999997	7	700	1	0.35355339059327373	minor	Minero 3	0.0	person	429	0	3	7	8	other	M	3	0	0	0	0	1	0	0	0.875	0.0	1.0	bette018_Clarin_Teresa	8
#rita	0.12222222222222219	0.0	1.0	137.4010393145835	0.12500000000000006	7	700	1	0.35355339059327373	secondary	Rita	0.0	person	3443	46	3	29	2	other	F	2	0	0	0	0	0	0	0	0.875	0.0	0.25	bette018_Clarin_Teresa	8
