	approximate_current_flow_betweenness_centrality	betweenness	closeness_centrality	communicability_centrality_exp	current_flow_betweenness_centrality	degree	degree-vs	eccentricity	eigenvector_centrality	importance	label	load_centrality	nature	pers_mes_characters	pers_mes_rss	pers_mes_scenes	pers_mes_sps	position	role	sex	importance-nr	is_protagonist	is_lover	is_antagonist	is_primary	is_minor	antagonist	lover	degree-rel	betweenness-rel	position-rel	work	total_characters
#proc	0.43600805291918326	0.26984126984126977	0.875	15.786333258500651	0.42092937261185764	6	600	2	0.4839715249813504	primary	Proclo	0.26785714285714285	person	16807	2	11	75	1	lover	M	1	0	1	0	1	0	0	1	0.75	0.03373015873015872	0.125	bette027_Valera_Asclepigenia	8
#mari	0.06373310324992808	0.0	0.5384615384615384	4.058720991587357	0.06499856197871726	2	200	3	0.2003659795087973	minor	Marino	0.0	person	4089	2	3	24	2	other	M	3	0	0	0	0	1	0	0	0.25	0.0	0.25	bette027_Valera_Asclepigenia	8
#mort	0.12877001246285114	0.0	0.6363636363636364	7.56636871382291	0.12210855006368379	3	300	2	0.31599946913079474	minor	Mortales y dioses	0.0	non-human	16	0	1	1	8	other	0	3	0	0	0	0	1	0	0	0.375	0.0	1.0	bette027_Valera_Asclepigenia	8
#ascl	0.6433898955037868	0.26984126984126977	0.875	15.786333258500646	0.4209293726118578	6	600	2	0.4839715249813504	primary	Asclepigenia	0.26785714285714285	person	7775	0	5	40	4	protagonist	F	1	1	0	0	1	0	0	0	0.75	0.03373015873015872	0.5	bette027_Valera_Asclepigenia	8
#aten	0.32687182436966733	0.06349206349206349	0.7	9.477414247255846	0.23402769218127298	4	400	2	0.3546397788908658	minor	Atenais	0.06547619047619047	person	1147	0	2	15	6	other	M	3	0	0	0	0	1	0	0	0.5	0.007936507936507936	0.75	bette027_Valera_Asclepigenia	8
#eumo	0.25577605215223853	0.06349206349206349	0.7	9.477414247255847	0.23402769218127306	4	400	2	0.3546397788908658	secondary	Eumorfo	0.06547619047619047	person	1993	1	5	23	3	antagonist	M	2	0	0	1	0	0	1	0	0.5	0.007936507936507936	0.375	bette027_Valera_Asclepigenia	8
#crem	0.1298437350206117	0.0	0.6363636363636364	7.566368713822913	0.12210855006368385	3	300	2	0.31599946913079474	secondary	Crematurgo	0.0	person	2005	0	3	13	5	antagonist	M	2	0	0	1	0	0	1	0	0.375	0.0	0.625	bette027_Valera_Asclepigenia	8
#sier	0.0365832614322692	0.0	0.5384615384615384	4.058720991587359	0.06499856197871734	2	200	3	0.2003659795087973	minor	Sierva	0.0	person	45	0	1	1	7	other	F	3	0	0	0	0	1	0	0	0.25	0.0	0.875	bette027_Valera_Asclepigenia	8
